<?xml version="1.0" encoding="utf-8"?>
<manifest identifier="Aj9368DbhZR38" xmlns="http://www.imsproject.org/xsd/imscp_rootv1p1p2" xmlns:adlcp="http://www.adlnet.org/xsd/adlcp_rootv1p2" xmlns:xsi="http://www.w3.org/2001/XMLSchema-instance" xmlns:lom="http://www.imsglobal.org/xsd/imsmd_rootv1p2p1" xsi:schemaLocation="http://www.imsproject.org/xsd/imscp_rootv1p1p2 imscp_rootv1p1p2.xsd http://www.imsglobal.org/xsd/imsmd_rootv1p2p1 imsmd_rootv1p2p1.xsd http://www.adlnet.org/xsd/adlcp_rootv1p2 adlcp_rootv1p2.xsd">
	<metadata>
		<schema>ADL SCORM</schema>
		<schemaversion>1.2</schemaversion>
		<lom:lom>
			<lom:general>
				<lom:title>
					<lom:langstring>SOS1</lom:langstring>
				</lom:title>
			</lom:general>
			<lom:educational>
				<lom:typicallearningtime>
				<lom:datetime>01:00:00</lom:datetime>
				</lom:typicallearningtime>
			</lom:educational>
		</lom:lom>
	</metadata>
	<organizations default="sos1_organization">
		<organization identifier="sos1_organization">

			<title>SOS1</title>
			<item identifier="E1476391-4251-46FE-82DB-A33349FB7B0E" identifierref="resource">
				<title>SOS</title>
			</item>
		</organization>
	</organizations>
	<resources>
		<resource identifier="resource" type="webcontent" adlcp:scormtype="sco" href="res/index.html">
			<file href="res/data/apple-touch-icon.png"/>
<file href="res/data/browsersupport.js"/>
<file href="res/data/favicon.ico"/>
<file href="res/data/fonts/fnt0.woff"/>
<file href="res/data/fonts/fnt1.woff"/>
<file href="res/data/fonts/fnt2.woff"/>
<file href="res/data/goodbye.html"/>
<file href="res/data/html5-unsupported.html"/>
<file href="res/data/lms.js"/>
<file href="res/data/player.js"/>
<file href="res/index.html"/>

		</resource>
	</resources>
</manifest>